
<!DOCTYPE struts-config PUBLIC
       "-//Apache Software Foundation//DTD Struts Configuration 1.3//EN"
       "http://struts.apache.org/dtds/struts-config_1_3.dtd">

       <struts-config>
       <form-beans>
       <form-bean name="hello" type="info.java.tips.form.Hello"></form-bean>
       <form-bean name="dowload" type="info.java.tips.form.Dowload"></form-bean>
       <form-bean name="usuarios" type="info.java.tips.form.Usuarios"></form-bean>
       <form-bean name="procedure" type="info.java.tips.form.Procedure"></form-bean>
       </form-beans> 
       
       <action-mappings>
       <action path="/hello" name="hello" type="info.java.tips.action.HelloAction" input="/hello.jsp">
       <forward name="success" path="/hello.jsp"></forward>
       </action>
       <action path="/dowload" name="dowload" type="info.java.tips.action.DowloadAction" input="/hello.jsp">
       <forward name="baixou" path="/hello.jsp"></forward>
       </action>
       <action path="/usuarios" name="usuarios" type="info.java.tips.action.UsuariosAction" input="/hello.jsp">
       <forward name="ver" path="/welcome.jsp"></forward>
       </action>
       <action path="/procedure" name="procedure" type="info.java.tips.action.ProcedureAction" input="/hello.jsp">
       <forward name="criado" path="/hello.jsp"></forward>
       </action>
       </action-mappings>
       
       <message-resources parameter="info.java.tips.i18n.MessageBundle"></message-resources>
       </struts-config>